id,name,team_id,email
ENG-001,山田太郎,TEAM-001,yamada@example.com
ENG-002,鈴木花子,TEAM-002,suzuki@example.com
ENG-003,田中一郎,TEAM-001,tanaka@example.com
ENG-004,佐藤美咲,TEAM-003,sato@example.com
ENG-005,伊藤健二,TEAM-004,ito@example.com
ENG-006,渡辺恵,TEAM-002,watanabe@example.com
ENG-007,中村大輔,TEAM-005,nakamura@example.com
ENG-008,小林直子,TEAM-009,kobayashi@example.com
ENG-009,加藤誠,TEAM-003,kato@example.com
ENG-010,吉田彩,TEAM-004,yoshida@example.com
ENG-011,松本剛,TEAM-006,matsumoto@example.com
ENG-012,井上真由,TEAM-007,inoue@example.com
ENG-013,木村雄介,TEAM-008,kimura@example.com
ENG-014,林美里,TEAM-001,hayashi@example.com
ENG-015,清水拓也,TEAM-002,shimizu@example.com
ENG-016,山本香織,TEAM-003,yamamoto@example.com
ENG-017,森田浩二,TEAM-004,morita@example.com
ENG-018,池田綾,TEAM-005,ikeda@example.com
ENG-019,橋本慎太郎,TEAM-006,hashimoto@example.com
ENG-020,石川莉奈,TEAM-007,ishikawa@example.com
ENG-021,上田健,TEAM-008,ueda@example.com
ENG-022,藤田恵美,TEAM-009,fujita@example.com
ENG-023,岡田和也,TEAM-010,okada@example.com
ENG-024,村田さくら,TEAM-001,murata@example.com
ENG-025,長谷川翼,TEAM-002,hasegawa@example.com
ENG-026,坂本竜一,TEAM-003,sakamoto@example.com
ENG-027,近藤真一,TEAM-004,kondo@example.com
ENG-028,西村祐介,TEAM-005,nishimura@example.com
ENG-029,前田麗,TEAM-009,maeda@example.com
ENG-030,藤原大樹,TEAM-010,fujiwara@example.com
